algorithm,instance,objective_value,path_length,node_costs,computation_time_ms,selected_nodes,total_nodes
CandidateMoves_k10_Nodes_Random_start0,TSPB,62378,36365,26013,10,100,200
CandidateMoves_k10_Nodes_Random_start1,TSPB,67195,41405,25790,9,100,200
CandidateMoves_k10_Nodes_Random_start2,TSPB,66953,42144,24809,9,100,200
CandidateMoves_k10_Nodes_Random_start3,TSPB,66651,40691,25960,8,100,200
CandidateMoves_k10_Nodes_Random_start4,TSPB,62166,36605,25561,9,100,200
CandidateMoves_k10_Nodes_Random_start5,TSPB,65418,40061,25357,8,100,200
CandidateMoves_k10_Nodes_Random_start6,TSPB,61565,34936,26629,8,100,200
CandidateMoves_k10_Nodes_Random_start7,TSPB,65459,41410,24049,9,100,200
CandidateMoves_k10_Nodes_Random_start8,TSPB,69566,45350,24216,8,100,200
CandidateMoves_k10_Nodes_Random_start9,TSPB,59826,34603,25223,9,100,200
CandidateMoves_k10_Nodes_Random_start10,TSPB,65991,39954,26037,8,100,200
CandidateMoves_k10_Nodes_Random_start11,TSPB,64968,39254,25714,8,100,200
CandidateMoves_k10_Nodes_Random_start12,TSPB,64172,38502,25670,9,100,200
CandidateMoves_k10_Nodes_Random_start13,TSPB,69628,43344,26284,9,100,200
CandidateMoves_k10_Nodes_Random_start14,TSPB,64618,36564,28054,8,100,200
CandidateMoves_k10_Nodes_Random_start15,TSPB,68847,43760,25087,8,100,200
CandidateMoves_k10_Nodes_Random_start16,TSPB,65818,36717,29101,8,100,200
CandidateMoves_k10_Nodes_Random_start17,TSPB,71097,46628,24469,8,100,200
CandidateMoves_k10_Nodes_Random_start18,TSPB,61445,34396,27049,9,100,200
CandidateMoves_k10_Nodes_Random_start19,TSPB,58913,32443,26470,9,100,200
CandidateMoves_k10_Nodes_Random_start20,TSPB,67288,41324,25964,7,100,200
CandidateMoves_k10_Nodes_Random_start21,TSPB,67446,42955,24491,9,100,200
CandidateMoves_k10_Nodes_Random_start22,TSPB,71088,44337,26751,9,100,200
CandidateMoves_k10_Nodes_Random_start23,TSPB,65135,39742,25393,8,100,200
CandidateMoves_k10_Nodes_Random_start24,TSPB,64031,37886,26145,8,100,200
CandidateMoves_k10_Nodes_Random_start25,TSPB,62521,38275,24246,9,100,200
CandidateMoves_k10_Nodes_Random_start26,TSPB,64323,38546,25777,8,100,200
CandidateMoves_k10_Nodes_Random_start27,TSPB,59836,32040,27796,9,100,200
CandidateMoves_k10_Nodes_Random_start28,TSPB,65498,39250,26248,8,100,200
CandidateMoves_k10_Nodes_Random_start29,TSPB,68730,43211,25519,8,100,200
CandidateMoves_k10_Nodes_Random_start30,TSPB,62930,36697,26233,8,100,200
CandidateMoves_k10_Nodes_Random_start31,TSPB,64626,37945,26681,9,100,200
CandidateMoves_k10_Nodes_Random_start32,TSPB,65321,40470,24851,7,100,200
CandidateMoves_k10_Nodes_Random_start33,TSPB,64131,36925,27206,9,100,200
CandidateMoves_k10_Nodes_Random_start34,TSPB,62020,35903,26117,9,100,200
CandidateMoves_k10_Nodes_Random_start35,TSPB,59119,34109,25010,8,100,200
CandidateMoves_k10_Nodes_Random_start36,TSPB,67125,39716,27409,8,100,200
CandidateMoves_k10_Nodes_Random_start37,TSPB,60839,33644,27195,11,100,200
CandidateMoves_k10_Nodes_Random_start38,TSPB,69839,44261,25578,7,100,200
CandidateMoves_k10_Nodes_Random_start39,TSPB,67494,41046,26448,8,100,200
CandidateMoves_k10_Nodes_Random_start40,TSPB,64524,38464,26060,7,100,200
CandidateMoves_k10_Nodes_Random_start41,TSPB,64675,38314,26361,8,100,200
CandidateMoves_k10_Nodes_Random_start42,TSPB,68141,41935,26206,8,100,200
CandidateMoves_k10_Nodes_Random_start43,TSPB,61010,34997,26013,9,100,200
CandidateMoves_k10_Nodes_Random_start44,TSPB,58357,31973,26384,8,100,200
CandidateMoves_k10_Nodes_Random_start45,TSPB,62017,36207,25810,8,100,200
CandidateMoves_k10_Nodes_Random_start46,TSPB,64224,36387,27837,8,100,200
CandidateMoves_k10_Nodes_Random_start47,TSPB,65501,39119,26382,8,100,200
CandidateMoves_k10_Nodes_Random_start48,TSPB,64792,40050,24742,9,100,200
CandidateMoves_k10_Nodes_Random_start49,TSPB,69387,44451,24936,8,100,200
CandidateMoves_k10_Nodes_Random_start50,TSPB,65697,39202,26495,10,100,200
CandidateMoves_k10_Nodes_Random_start51,TSPB,66634,41471,25163,9,100,200
CandidateMoves_k10_Nodes_Random_start52,TSPB,74291,49293,24998,8,100,200
CandidateMoves_k10_Nodes_Random_start53,TSPB,59705,34631,25074,9,100,200
CandidateMoves_k10_Nodes_Random_start54,TSPB,63720,38319,25401,9,100,200
CandidateMoves_k10_Nodes_Random_start55,TSPB,64326,36803,27523,8,100,200
CandidateMoves_k10_Nodes_Random_start56,TSPB,61886,35411,26475,9,100,200
CandidateMoves_k10_Nodes_Random_start57,TSPB,59943,34018,25925,8,100,200
CandidateMoves_k10_Nodes_Random_start58,TSPB,64620,39108,25512,10,100,200
CandidateMoves_k10_Nodes_Random_start59,TSPB,70344,44845,25499,9,100,200
CandidateMoves_k10_Nodes_Random_start60,TSPB,66261,39768,26493,8,100,200
CandidateMoves_k10_Nodes_Random_start61,TSPB,64525,37869,26656,8,100,200
CandidateMoves_k10_Nodes_Random_start62,TSPB,67101,41185,25916,8,100,200
CandidateMoves_k10_Nodes_Random_start63,TSPB,67071,40467,26604,8,100,200
CandidateMoves_k10_Nodes_Random_start64,TSPB,65502,41546,23956,10,100,200
CandidateMoves_k10_Nodes_Random_start65,TSPB,70267,45961,24306,8,100,200
CandidateMoves_k10_Nodes_Random_start66,TSPB,68795,41769,27026,9,100,200
CandidateMoves_k10_Nodes_Random_start67,TSPB,70461,45148,25313,8,100,200
CandidateMoves_k10_Nodes_Random_start68,TSPB,66006,39564,26442,9,100,200
CandidateMoves_k10_Nodes_Random_start69,TSPB,68377,43589,24788,8,100,200
CandidateMoves_k10_Nodes_Random_start70,TSPB,64723,39053,25670,9,100,200
CandidateMoves_k10_Nodes_Random_start71,TSPB,69480,43233,26247,9,100,200
CandidateMoves_k10_Nodes_Random_start72,TSPB,72163,45068,27095,8,100,200
CandidateMoves_k10_Nodes_Random_start73,TSPB,66131,40271,25860,8,100,200
CandidateMoves_k10_Nodes_Random_start74,TSPB,63428,37590,25838,8,100,200
CandidateMoves_k10_Nodes_Random_start75,TSPB,68309,42306,26003,8,100,200
CandidateMoves_k10_Nodes_Random_start76,TSPB,67835,39174,28661,8,100,200
CandidateMoves_k10_Nodes_Random_start77,TSPB,64373,38467,25906,8,100,200
CandidateMoves_k10_Nodes_Random_start78,TSPB,66474,39297,27177,8,100,200
CandidateMoves_k10_Nodes_Random_start79,TSPB,64327,38229,26098,9,100,200
CandidateMoves_k10_Nodes_Random_start80,TSPB,60909,35918,24991,9,100,200
CandidateMoves_k10_Nodes_Random_start81,TSPB,67331,41409,25922,9,100,200
CandidateMoves_k10_Nodes_Random_start82,TSPB,70431,43222,27209,8,100,200
CandidateMoves_k10_Nodes_Random_start83,TSPB,65257,39444,25813,8,100,200
CandidateMoves_k10_Nodes_Random_start84,TSPB,64020,37175,26845,9,100,200
CandidateMoves_k10_Nodes_Random_start85,TSPB,62344,36883,25461,8,100,200
CandidateMoves_k10_Nodes_Random_start86,TSPB,59258,33372,25886,8,100,200
CandidateMoves_k10_Nodes_Random_start87,TSPB,64381,39567,24814,9,100,200
CandidateMoves_k10_Nodes_Random_start88,TSPB,64595,39482,25113,7,100,200
CandidateMoves_k10_Nodes_Random_start89,TSPB,67424,41370,26054,8,100,200
CandidateMoves_k10_Nodes_Random_start90,TSPB,59352,34100,25252,8,100,200
CandidateMoves_k10_Nodes_Random_start91,TSPB,71740,46233,25507,8,100,200
CandidateMoves_k10_Nodes_Random_start92,TSPB,69916,43375,26541,9,100,200
CandidateMoves_k10_Nodes_Random_start93,TSPB,67234,39554,27680,9,100,200
CandidateMoves_k10_Nodes_Random_start94,TSPB,62849,37727,25122,8,100,200
CandidateMoves_k10_Nodes_Random_start95,TSPB,68063,40219,27844,9,100,200
CandidateMoves_k10_Nodes_Random_start96,TSPB,65270,40667,24603,9,100,200
CandidateMoves_k10_Nodes_Random_start97,TSPB,62674,37030,25644,7,100,200
CandidateMoves_k10_Nodes_Random_start98,TSPB,68843,43581,25262,8,100,200
CandidateMoves_k10_Nodes_Random_start99,TSPB,67295,40740,26555,8,100,200
CandidateMoves_k10_Nodes_Random_start100,TSPB,60218,34243,25975,9,100,200
CandidateMoves_k10_Nodes_Random_start101,TSPB,64255,36731,27524,9,100,200
CandidateMoves_k10_Nodes_Random_start102,TSPB,65230,39602,25628,9,100,200
CandidateMoves_k10_Nodes_Random_start103,TSPB,64323,39014,25309,10,100,200
CandidateMoves_k10_Nodes_Random_start104,TSPB,70915,44892,26023,8,100,200
CandidateMoves_k10_Nodes_Random_start105,TSPB,61441,33781,27660,8,100,200
CandidateMoves_k10_Nodes_Random_start106,TSPB,69621,43313,26308,8,100,200
CandidateMoves_k10_Nodes_Random_start107,TSPB,66932,39654,27278,9,100,200
CandidateMoves_k10_Nodes_Random_start108,TSPB,64526,39069,25457,8,100,200
CandidateMoves_k10_Nodes_Random_start109,TSPB,60393,34785,25608,8,100,200
CandidateMoves_k10_Nodes_Random_start110,TSPB,64056,38717,25339,8,100,200
CandidateMoves_k10_Nodes_Random_start111,TSPB,67728,41892,25836,8,100,200
CandidateMoves_k10_Nodes_Random_start112,TSPB,70771,46333,24438,8,100,200
CandidateMoves_k10_Nodes_Random_start113,TSPB,63297,39133,24164,10,100,200
CandidateMoves_k10_Nodes_Random_start114,TSPB,67055,40361,26694,9,100,200
CandidateMoves_k10_Nodes_Random_start115,TSPB,69835,43978,25857,7,100,200
CandidateMoves_k10_Nodes_Random_start116,TSPB,67328,41628,25700,8,100,200
CandidateMoves_k10_Nodes_Random_start117,TSPB,58119,33701,24418,10,100,200
CandidateMoves_k10_Nodes_Random_start118,TSPB,63811,37262,26549,8,100,200
CandidateMoves_k10_Nodes_Random_start119,TSPB,65218,39495,25723,8,100,200
CandidateMoves_k10_Nodes_Random_start120,TSPB,62609,36920,25689,9,100,200
CandidateMoves_k10_Nodes_Random_start121,TSPB,65024,36717,28307,7,100,200
CandidateMoves_k10_Nodes_Random_start122,TSPB,63597,37628,25969,8,100,200
CandidateMoves_k10_Nodes_Random_start123,TSPB,67049,41581,25468,9,100,200
CandidateMoves_k10_Nodes_Random_start124,TSPB,57220,29904,27316,9,100,200
CandidateMoves_k10_Nodes_Random_start125,TSPB,65217,39009,26208,8,100,200
CandidateMoves_k10_Nodes_Random_start126,TSPB,66437,40297,26140,8,100,200
CandidateMoves_k10_Nodes_Random_start127,TSPB,61130,34880,26250,9,100,200
CandidateMoves_k10_Nodes_Random_start128,TSPB,65955,40622,25333,8,100,200
CandidateMoves_k10_Nodes_Random_start129,TSPB,59464,32895,26569,8,100,200
CandidateMoves_k10_Nodes_Random_start130,TSPB,63928,36920,27008,9,100,200
CandidateMoves_k10_Nodes_Random_start131,TSPB,61219,36908,24311,9,100,200
CandidateMoves_k10_Nodes_Random_start132,TSPB,62326,37059,25267,9,100,200
CandidateMoves_k10_Nodes_Random_start133,TSPB,65103,37388,27715,8,100,200
CandidateMoves_k10_Nodes_Random_start134,TSPB,61008,34666,26342,7,100,200
CandidateMoves_k10_Nodes_Random_start135,TSPB,64841,37883,26958,10,100,200
CandidateMoves_k10_Nodes_Random_start136,TSPB,60934,35290,25644,10,100,200
CandidateMoves_k10_Nodes_Random_start137,TSPB,62125,36706,25419,7,100,200
CandidateMoves_k10_Nodes_Random_start138,TSPB,64916,39397,25519,9,100,200
CandidateMoves_k10_Nodes_Random_start139,TSPB,68983,41650,27333,8,100,200
CandidateMoves_k10_Nodes_Random_start140,TSPB,69463,43015,26448,8,100,200
CandidateMoves_k10_Nodes_Random_start141,TSPB,63720,36759,26961,9,100,200
CandidateMoves_k10_Nodes_Random_start142,TSPB,70883,45168,25715,8,100,200
CandidateMoves_k10_Nodes_Random_start143,TSPB,57659,31802,25857,8,100,200
CandidateMoves_k10_Nodes_Random_start144,TSPB,63268,37121,26147,8,100,200
CandidateMoves_k10_Nodes_Random_start145,TSPB,62185,36870,25315,9,100,200
CandidateMoves_k10_Nodes_Random_start146,TSPB,59798,33280,26518,9,100,200
CandidateMoves_k10_Nodes_Random_start147,TSPB,65811,39807,26004,8,100,200
CandidateMoves_k10_Nodes_Random_start148,TSPB,65892,38634,27258,8,100,200
CandidateMoves_k10_Nodes_Random_start149,TSPB,66297,41830,24467,8,100,200
CandidateMoves_k10_Nodes_Random_start150,TSPB,62592,37521,25071,9,100,200
CandidateMoves_k10_Nodes_Random_start151,TSPB,64526,38572,25954,9,100,200
CandidateMoves_k10_Nodes_Random_start152,TSPB,55645,28635,27010,8,100,200
CandidateMoves_k10_Nodes_Random_start153,TSPB,65768,39513,26255,9,100,200
CandidateMoves_k10_Nodes_Random_start154,TSPB,65091,37255,27836,9,100,200
CandidateMoves_k10_Nodes_Random_start155,TSPB,65166,39136,26030,9,100,200
CandidateMoves_k10_Nodes_Random_start156,TSPB,58587,32278,26309,8,100,200
CandidateMoves_k10_Nodes_Random_start157,TSPB,65326,39868,25458,9,100,200
CandidateMoves_k10_Nodes_Random_start158,TSPB,57847,29529,28318,9,100,200
CandidateMoves_k10_Nodes_Random_start159,TSPB,69030,42299,26731,9,100,200
CandidateMoves_k10_Nodes_Random_start160,TSPB,60666,34305,26361,8,100,200
CandidateMoves_k10_Nodes_Random_start161,TSPB,64470,37185,27285,9,100,200
CandidateMoves_k10_Nodes_Random_start162,TSPB,64767,37742,27025,8,100,200
CandidateMoves_k10_Nodes_Random_start163,TSPB,65597,38499,27098,8,100,200
CandidateMoves_k10_Nodes_Random_start164,TSPB,73495,47978,25517,7,100,200
CandidateMoves_k10_Nodes_Random_start165,TSPB,75417,48676,26741,7,100,200
CandidateMoves_k10_Nodes_Random_start166,TSPB,64947,38648,26299,9,100,200
CandidateMoves_k10_Nodes_Random_start167,TSPB,64465,37612,26853,7,100,200
CandidateMoves_k10_Nodes_Random_start168,TSPB,66186,40400,25786,8,100,200
CandidateMoves_k10_Nodes_Random_start169,TSPB,60340,35700,24640,10,100,200
CandidateMoves_k10_Nodes_Random_start170,TSPB,65912,40563,25349,9,100,200
CandidateMoves_k10_Nodes_Random_start171,TSPB,70633,44521,26112,7,100,200
CandidateMoves_k10_Nodes_Random_start172,TSPB,65014,41015,23999,8,100,200
CandidateMoves_k10_Nodes_Random_start173,TSPB,63373,34721,28652,8,100,200
CandidateMoves_k10_Nodes_Random_start174,TSPB,58713,33343,25370,8,100,200
CandidateMoves_k10_Nodes_Random_start175,TSPB,64635,39254,25381,9,100,200
CandidateMoves_k10_Nodes_Random_start176,TSPB,62957,35887,27070,8,100,200
CandidateMoves_k10_Nodes_Random_start177,TSPB,62711,37592,25119,7,100,200
CandidateMoves_k10_Nodes_Random_start178,TSPB,60333,35079,25254,9,100,200
CandidateMoves_k10_Nodes_Random_start179,TSPB,70819,45546,25273,8,100,200
CandidateMoves_k10_Nodes_Random_start180,TSPB,56837,30944,25893,8,100,200
CandidateMoves_k10_Nodes_Random_start181,TSPB,59418,32443,26975,9,100,200
CandidateMoves_k10_Nodes_Random_start182,TSPB,60325,32880,27445,9,100,200
CandidateMoves_k10_Nodes_Random_start183,TSPB,62806,37538,25268,8,100,200
CandidateMoves_k10_Nodes_Random_start184,TSPB,63403,37865,25538,8,100,200
CandidateMoves_k10_Nodes_Random_start185,TSPB,66348,40724,25624,10,100,200
CandidateMoves_k10_Nodes_Random_start186,TSPB,60679,35108,25571,10,100,200
CandidateMoves_k10_Nodes_Random_start187,TSPB,66762,40134,26628,7,100,200
CandidateMoves_k10_Nodes_Random_start188,TSPB,66271,39552,26719,8,100,200
CandidateMoves_k10_Nodes_Random_start189,TSPB,59723,34062,25661,9,100,200
CandidateMoves_k10_Nodes_Random_start190,TSPB,66414,40624,25790,9,100,200
CandidateMoves_k10_Nodes_Random_start191,TSPB,69356,43870,25486,8,100,200
CandidateMoves_k10_Nodes_Random_start192,TSPB,63647,38846,24801,7,100,200
CandidateMoves_k10_Nodes_Random_start193,TSPB,62092,34125,27967,10,100,200
CandidateMoves_k10_Nodes_Random_start194,TSPB,62913,36440,26473,8,100,200
CandidateMoves_k10_Nodes_Random_start195,TSPB,63848,37362,26486,8,100,200
CandidateMoves_k10_Nodes_Random_start196,TSPB,64986,39296,25690,8,100,200
CandidateMoves_k10_Nodes_Random_start197,TSPB,62672,36495,26177,8,100,200
CandidateMoves_k10_Nodes_Random_start198,TSPB,70206,44566,25640,9,100,200
CandidateMoves_k10_Nodes_Random_start199,TSPB,63927,37391,26536,8,100,200
CandidateMoves_k10_Nodes_NearestNeighborAny2Regret_w1_1_start0,TSPB,45836,19071,26765,4,100,200
CandidateMoves_k10_Nodes_NearestNeighborAny2Regret_w1_1_start1,TSPB,44488,19854,24634,4,100,200
CandidateMoves_k10_Nodes_NearestNeighborAny2Regret_w1_1_start2,TSPB,45826,19506,26320,4,100,200
CandidateMoves_k10_Nodes_NearestNeighborAny2Regret_w1_1_start3,TSPB,48742,20998,27744,4,100,200
CandidateMoves_k10_Nodes_NearestNeighborAny2Regret_w1_1_start4,TSPB,48454,21741,26713,5,100,200
CandidateMoves_k10_Nodes_NearestNeighborAny2Regret_w1_1_start5,TSPB,47252,20130,27122,4,100,200
CandidateMoves_k10_Nodes_NearestNeighborAny2Regret_w1_1_start6,TSPB,46075,20800,25275,4,100,200
CandidateMoves_k10_Nodes_NearestNeighborAny2Regret_w1_1_start7,TSPB,49799,19347,30452,5,100,200
CandidateMoves_k10_Nodes_NearestNeighborAny2Regret_w1_1_start8,TSPB,45836,19071,26765,4,100,200
CandidateMoves_k10_Nodes_NearestNeighborAny2Regret_w1_1_start9,TSPB,46210,20921,25289,4,100,200
CandidateMoves_k10_Nodes_NearestNeighborAny2Regret_w1_1_start10,TSPB,46583,21709,24874,4,100,200
CandidateMoves_k10_Nodes_NearestNeighborAny2Regret_w1_1_start11,TSPB,49786,19871,29915,4,100,200
CandidateMoves_k10_Nodes_NearestNeighborAny2Regret_w1_1_start12,TSPB,46158,19109,27049,4,100,200
CandidateMoves_k10_Nodes_NearestNeighborAny2Regret_w1_1_start13,TSPB,48713,20724,27989,4,100,200
CandidateMoves_k10_Nodes_NearestNeighborAny2Regret_w1_1_start14,TSPB,47605,19545,28060,5,100,200
CandidateMoves_k10_Nodes_NearestNeighborAny2Regret_w1_1_start15,TSPB,48742,20998,27744,4,100,200
CandidateMoves_k10_Nodes_NearestNeighborAny2Regret_w1_1_start16,TSPB,44488,19854,24634,4,100,200
CandidateMoves_k10_Nodes_NearestNeighborAny2Regret_w1_1_start17,TSPB,44979,20530,24449,4,100,200
CandidateMoves_k10_Nodes_NearestNeighborAny2Regret_w1_1_start18,TSPB,48454,21741,26713,4,100,200
CandidateMoves_k10_Nodes_NearestNeighborAny2Regret_w1_1_start19,TSPB,44845,20396,24449,4,100,200
CandidateMoves_k10_Nodes_NearestNeighborAny2Regret_w1_1_start20,TSPB,48088,19975,28113,4,100,200
CandidateMoves_k10_Nodes_NearestNeighborAny2Regret_w1_1_start21,TSPB,46619,20337,26282,5,100,200
CandidateMoves_k10_Nodes_NearestNeighborAny2Regret_w1_1_start22,TSPB,48088,19975,28113,4,100,200
CandidateMoves_k10_Nodes_NearestNeighborAny2Regret_w1_1_start23,TSPB,48139,21941,26198,4,100,200
CandidateMoves_k10_Nodes_NearestNeighborAny2Regret_w1_1_start24,TSPB,44808,20086,24722,4,100,200
CandidateMoves_k10_Nodes_NearestNeighborAny2Regret_w1_1_start25,TSPB,48088,19975,28113,4,100,200
CandidateMoves_k10_Nodes_NearestNeighborAny2Regret_w1_1_start26,TSPB,44696,20102,24594,5,100,200
CandidateMoves_k10_Nodes_NearestNeighborAny2Regret_w1_1_start27,TSPB,46075,20800,25275,4,100,200
CandidateMoves_k10_Nodes_NearestNeighborAny2Regret_w1_1_start28,TSPB,48454,21741,26713,4,100,200
CandidateMoves_k10_Nodes_NearestNeighborAny2Regret_w1_1_start29,TSPB,45836,19071,26765,4,100,200
CandidateMoves_k10_Nodes_NearestNeighborAny2Regret_w1_1_start30,TSPB,44808,20086,24722,4,100,200
CandidateMoves_k10_Nodes_NearestNeighborAny2Regret_w1_1_start31,TSPB,46466,20915,25551,4,100,200
CandidateMoves_k10_Nodes_NearestNeighborAny2Regret_w1_1_start32,TSPB,48088,19975,28113,4,100,200
CandidateMoves_k10_Nodes_NearestNeighborAny2Regret_w1_1_start33,TSPB,45836,19071,26765,4,100,200
CandidateMoves_k10_Nodes_NearestNeighborAny2Regret_w1_1_start34,TSPB,46094,20515,25579,4,100,200
CandidateMoves_k10_Nodes_NearestNeighborAny2Regret_w1_1_start35,TSPB,45836,19071,26765,4,100,200
CandidateMoves_k10_Nodes_NearestNeighborAny2Regret_w1_1_start36,TSPB,48088,19975,28113,4,100,200
CandidateMoves_k10_Nodes_NearestNeighborAny2Regret_w1_1_start37,TSPB,48328,23877,24451,5,100,200
CandidateMoves_k10_Nodes_NearestNeighborAny2Regret_w1_1_start38,TSPB,45670,20143,25527,4,100,200
CandidateMoves_k10_Nodes_NearestNeighborAny2Regret_w1_1_start39,TSPB,50682,20454,30228,4,100,200
CandidateMoves_k10_Nodes_NearestNeighborAny2Regret_w1_1_start40,TSPB,48088,19975,28113,4,100,200
CandidateMoves_k10_Nodes_NearestNeighborAny2Regret_w1_1_start41,TSPB,47697,19730,27967,4,100,200
CandidateMoves_k10_Nodes_NearestNeighborAny2Regret_w1_1_start42,TSPB,44488,19854,24634,4,100,200
CandidateMoves_k10_Nodes_NearestNeighborAny2Regret_w1_1_start43,TSPB,48742,20998,27744,4,100,200
CandidateMoves_k10_Nodes_NearestNeighborAny2Regret_w1_1_start44,TSPB,48800,20658,28142,4,100,200
CandidateMoves_k10_Nodes_NearestNeighborAny2Regret_w1_1_start45,TSPB,47252,20130,27122,4,100,200
CandidateMoves_k10_Nodes_NearestNeighborAny2Regret_w1_1_start46,TSPB,46082,19134,26948,5,100,200
CandidateMoves_k10_Nodes_NearestNeighborAny2Regret_w1_1_start47,TSPB,48088,19975,28113,4,100,200
CandidateMoves_k10_Nodes_NearestNeighborAny2Regret_w1_1_start48,TSPB,53675,22955,30720,4,100,200
CandidateMoves_k10_Nodes_NearestNeighborAny2Regret_w1_1_start49,TSPB,45914,18838,27076,4,100,200
CandidateMoves_k10_Nodes_NearestNeighborAny2Regret_w1_1_start50,TSPB,47605,19545,28060,4,100,200
CandidateMoves_k10_Nodes_NearestNeighborAny2Regret_w1_1_start51,TSPB,46466,20915,25551,4,100,200
CandidateMoves_k10_Nodes_NearestNeighborAny2Regret_w1_1_start52,TSPB,48520,19573,28947,4,100,200
CandidateMoves_k10_Nodes_NearestNeighborAny2Regret_w1_1_start53,TSPB,45948,20361,25587,5,100,200
CandidateMoves_k10_Nodes_NearestNeighborAny2Regret_w1_1_start54,TSPB,46466,20915,25551,4,100,200
CandidateMoves_k10_Nodes_NearestNeighborAny2Regret_w1_1_start55,TSPB,48454,21741,26713,4,100,200
CandidateMoves_k10_Nodes_NearestNeighborAny2Regret_w1_1_start56,TSPB,47671,20333,27338,4,100,200
CandidateMoves_k10_Nodes_NearestNeighborAny2Regret_w1_1_start57,TSPB,48088,19975,28113,5,100,200
CandidateMoves_k10_Nodes_NearestNeighborAny2Regret_w1_1_start58,TSPB,48744,20946,27798,4,100,200
CandidateMoves_k10_Nodes_NearestNeighborAny2Regret_w1_1_start59,TSPB,48454,21741,26713,4,100,200
CandidateMoves_k10_Nodes_NearestNeighborAny2Regret_w1_1_start60,TSPB,48454,21741,26713,4,100,200
CandidateMoves_k10_Nodes_NearestNeighborAny2Regret_w1_1_start61,TSPB,48088,19975,28113,4,100,200
CandidateMoves_k10_Nodes_NearestNeighborAny2Regret_w1_1_start62,TSPB,48454,21741,26713,4,100,200
CandidateMoves_k10_Nodes_NearestNeighborAny2Regret_w1_1_start63,TSPB,48088,19975,28113,4,100,200
CandidateMoves_k10_Nodes_NearestNeighborAny2Regret_w1_1_start64,TSPB,45278,19720,25558,5,100,200
CandidateMoves_k10_Nodes_NearestNeighborAny2Regret_w1_1_start65,TSPB,48960,20721,28239,4,100,200
CandidateMoves_k10_Nodes_NearestNeighborAny2Regret_w1_1_start66,TSPB,48088,19975,28113,4,100,200
CandidateMoves_k10_Nodes_NearestNeighborAny2Regret_w1_1_start67,TSPB,45758,20837,24921,4,100,200
CandidateMoves_k10_Nodes_NearestNeighborAny2Regret_w1_1_start68,TSPB,50309,18417,31892,4,100,200
CandidateMoves_k10_Nodes_NearestNeighborAny2Regret_w1_1_start69,TSPB,46163,20064,26099,4,100,200
CandidateMoves_k10_Nodes_NearestNeighborAny2Regret_w1_1_start70,TSPB,48742,20998,27744,4,100,200
CandidateMoves_k10_Nodes_NearestNeighborAny2Regret_w1_1_start71,TSPB,46797,19796,27001,4,100,200
CandidateMoves_k10_Nodes_NearestNeighborAny2Regret_w1_1_start72,TSPB,44961,20300,24661,4,100,200
CandidateMoves_k10_Nodes_NearestNeighborAny2Regret_w1_1_start73,TSPB,45883,20467,25416,4,100,200
CandidateMoves_k10_Nodes_NearestNeighborAny2Regret_w1_1_start74,TSPB,47749,22427,25322,4,100,200
CandidateMoves_k10_Nodes_NearestNeighborAny2Regret_w1_1_start75,TSPB,44846,20192,24654,5,100,200
CandidateMoves_k10_Nodes_NearestNeighborAny2Regret_w1_1_start76,TSPB,53091,20836,32255,4,100,200
CandidateMoves_k10_Nodes_NearestNeighborAny2Regret_w1_1_start77,TSPB,44488,19854,24634,4,100,200
CandidateMoves_k10_Nodes_NearestNeighborAny2Regret_w1_1_start78,TSPB,47252,20130,27122,5,100,200
CandidateMoves_k10_Nodes_NearestNeighborAny2Regret_w1_1_start79,TSPB,48152,19959,28193,4,100,200
CandidateMoves_k10_Nodes_NearestNeighborAny2Regret_w1_1_start80,TSPB,46466,20915,25551,4,100,200
CandidateMoves_k10_Nodes_NearestNeighborAny2Regret_w1_1_start81,TSPB,48454,21741,26713,4,100,200
CandidateMoves_k10_Nodes_NearestNeighborAny2Regret_w1_1_start82,TSPB,47444,20351,27093,4,100,200
CandidateMoves_k10_Nodes_NearestNeighborAny2Regret_w1_1_start83,TSPB,48623,21792,26831,4,100,200
CandidateMoves_k10_Nodes_NearestNeighborAny2Regret_w1_1_start84,TSPB,45355,19930,25425,5,100,200
CandidateMoves_k10_Nodes_NearestNeighborAny2Regret_w1_1_start85,TSPB,45633,19769,25864,4,100,200
CandidateMoves_k10_Nodes_NearestNeighborAny2Regret_w1_1_start86,TSPB,48088,19975,28113,4,100,200
CandidateMoves_k10_Nodes_NearestNeighborAny2Regret_w1_1_start87,TSPB,46717,20522,26195,4,100,200
CandidateMoves_k10_Nodes_NearestNeighborAny2Regret_w1_1_start88,TSPB,48006,19962,28044,4,100,200
CandidateMoves_k10_Nodes_NearestNeighborAny2Regret_w1_1_start89,TSPB,48088,19975,28113,4,100,200
CandidateMoves_k10_Nodes_NearestNeighborAny2Regret_w1_1_start90,TSPB,44845,20396,24449,4,100,200
CandidateMoves_k10_Nodes_NearestNeighborAny2Regret_w1_1_start91,TSPB,48088,19975,28113,4,100,200
CandidateMoves_k10_Nodes_NearestNeighborAny2Regret_w1_1_start92,TSPB,48088,19975,28113,4,100,200
CandidateMoves_k10_Nodes_NearestNeighborAny2Regret_w1_1_start93,TSPB,51546,20944,30602,4,100,200
CandidateMoves_k10_Nodes_NearestNeighborAny2Regret_w1_1_start94,TSPB,48088,19975,28113,5,100,200
CandidateMoves_k10_Nodes_NearestNeighborAny2Regret_w1_1_start95,TSPB,51583,22740,28843,4,100,200
CandidateMoves_k10_Nodes_NearestNeighborAny2Regret_w1_1_start96,TSPB,48088,19975,28113,4,100,200
CandidateMoves_k10_Nodes_NearestNeighborAny2Regret_w1_1_start97,TSPB,44755,19938,24817,4,100,200
CandidateMoves_k10_Nodes_NearestNeighborAny2Regret_w1_1_start98,TSPB,45278,19904,25374,4,100,200
CandidateMoves_k10_Nodes_NearestNeighborAny2Regret_w1_1_start99,TSPB,48088,19975,28113,4,100,200
CandidateMoves_k10_Nodes_NearestNeighborAny2Regret_w1_1_start100,TSPB,48088,19975,28113,4,100,200
CandidateMoves_k10_Nodes_NearestNeighborAny2Regret_w1_1_start101,TSPB,48727,21731,26996,4,100,200
CandidateMoves_k10_Nodes_NearestNeighborAny2Regret_w1_1_start102,TSPB,48088,19975,28113,4,100,200
CandidateMoves_k10_Nodes_NearestNeighborAny2Regret_w1_1_start103,TSPB,44488,19854,24634,4,100,200
CandidateMoves_k10_Nodes_NearestNeighborAny2Regret_w1_1_start104,TSPB,45836,19071,26765,4,100,200
CandidateMoves_k10_Nodes_NearestNeighborAny2Regret_w1_1_start105,TSPB,45135,19270,25865,5,100,200
CandidateMoves_k10_Nodes_NearestNeighborAny2Regret_w1_1_start106,TSPB,48454,21741,26713,4,100,200
CandidateMoves_k10_Nodes_NearestNeighborAny2Regret_w1_1_start107,TSPB,48088,19975,28113,4,100,200
CandidateMoves_k10_Nodes_NearestNeighborAny2Regret_w1_1_start108,TSPB,46551,20533,26018,4,100,200
CandidateMoves_k10_Nodes_NearestNeighborAny2Regret_w1_1_start109,TSPB,45836,19071,26765,4,100,200
CandidateMoves_k10_Nodes_NearestNeighborAny2Regret_w1_1_start110,TSPB,45966,19730,26236,4,100,200
CandidateMoves_k10_Nodes_NearestNeighborAny2Regret_w1_1_start111,TSPB,48712,18663,30049,5,100,200
CandidateMoves_k10_Nodes_NearestNeighborAny2Regret_w1_1_start112,TSPB,45076,20416,24660,4,100,200
CandidateMoves_k10_Nodes_NearestNeighborAny2Regret_w1_1_start113,TSPB,48088,19975,28113,4,100,200
CandidateMoves_k10_Nodes_NearestNeighborAny2Regret_w1_1_start114,TSPB,45300,19862,25438,4,100,200
CandidateMoves_k10_Nodes_NearestNeighborAny2Regret_w1_1_start115,TSPB,44895,20323,24572,4,100,200
CandidateMoves_k10_Nodes_NearestNeighborAny2Regret_w1_1_start116,TSPB,45158,19813,25345,4,100,200
CandidateMoves_k10_Nodes_NearestNeighborAny2Regret_w1_1_start117,TSPB,46466,20915,25551,4,100,200
CandidateMoves_k10_Nodes_NearestNeighborAny2Regret_w1_1_start118,TSPB,45685,19884,25801,4,100,200
CandidateMoves_k10_Nodes_NearestNeighborAny2Regret_w1_1_start119,TSPB,47658,21187,26471,4,100,200
CandidateMoves_k10_Nodes_NearestNeighborAny2Regret_w1_1_start120,TSPB,45758,20837,24921,4,100,200
CandidateMoves_k10_Nodes_NearestNeighborAny2Regret_w1_1_start121,TSPB,44845,20396,24449,5,100,200
CandidateMoves_k10_Nodes_NearestNeighborAny2Regret_w1_1_start122,TSPB,48088,19975,28113,4,100,200
CandidateMoves_k10_Nodes_NearestNeighborAny2Regret_w1_1_start123,TSPB,48291,19968,28323,4,100,200
CandidateMoves_k10_Nodes_NearestNeighborAny2Regret_w1_1_start124,TSPB,48454,21741,26713,4,100,200
CandidateMoves_k10_Nodes_NearestNeighborAny2Regret_w1_1_start125,TSPB,48088,19975,28113,4,100,200
CandidateMoves_k10_Nodes_NearestNeighborAny2Regret_w1_1_start126,TSPB,48664,20601,28063,4,100,200
CandidateMoves_k10_Nodes_NearestNeighborAny2Regret_w1_1_start127,TSPB,48088,19975,28113,4,100,200
CandidateMoves_k10_Nodes_NearestNeighborAny2Regret_w1_1_start128,TSPB,46134,20406,25728,4,100,200
CandidateMoves_k10_Nodes_NearestNeighborAny2Regret_w1_1_start129,TSPB,44488,19854,24634,4,100,200
CandidateMoves_k10_Nodes_NearestNeighborAny2Regret_w1_1_start130,TSPB,48359,21673,26686,5,100,200
CandidateMoves_k10_Nodes_NearestNeighborAny2Regret_w1_1_start131,TSPB,48088,19975,28113,4,100,200
CandidateMoves_k10_Nodes_NearestNeighborAny2Regret_w1_1_start132,TSPB,48713,20724,27989,4,100,200
CandidateMoves_k10_Nodes_NearestNeighborAny2Regret_w1_1_start133,TSPB,48619,20720,27899,4,100,200
CandidateMoves_k10_Nodes_NearestNeighborAny2Regret_w1_1_start134,TSPB,45621,19916,25705,4,100,200
CandidateMoves_k10_Nodes_NearestNeighborAny2Regret_w1_1_start135,TSPB,48088,19975,28113,4,100,200
CandidateMoves_k10_Nodes_NearestNeighborAny2Regret_w1_1_start136,TSPB,46447,20847,25600,4,100,200
CandidateMoves_k10_Nodes_NearestNeighborAny2Regret_w1_1_start137,TSPB,54627,23679,30948,4,100,200
CandidateMoves_k10_Nodes_NearestNeighborAny2Regret_w1_1_start138,TSPB,50352,20277,30075,4,100,200
CandidateMoves_k10_Nodes_NearestNeighborAny2Regret_w1_1_start139,TSPB,49186,19551,29635,4,100,200
CandidateMoves_k10_Nodes_NearestNeighborAny2Regret_w1_1_start140,TSPB,48454,21741,26713,5,100,200
CandidateMoves_k10_Nodes_NearestNeighborAny2Regret_w1_1_start141,TSPB,44488,19854,24634,4,100,200
CandidateMoves_k10_Nodes_NearestNeighborAny2Regret_w1_1_start142,TSPB,47252,20130,27122,4,100,200
CandidateMoves_k10_Nodes_NearestNeighborAny2Regret_w1_1_start143,TSPB,47818,19072,28746,4,100,200
CandidateMoves_k10_Nodes_NearestNeighborAny2Regret_w1_1_start144,TSPB,45863,18882,26981,4,100,200
CandidateMoves_k10_Nodes_NearestNeighborAny2Regret_w1_1_start145,TSPB,48742,20998,27744,4,100,200
CandidateMoves_k10_Nodes_NearestNeighborAny2Regret_w1_1_start146,TSPB,46982,20049,26933,4,100,200
CandidateMoves_k10_Nodes_NearestNeighborAny2Regret_w1_1_start147,TSPB,46466,20915,25551,4,100,200
CandidateMoves_k10_Nodes_NearestNeighborAny2Regret_w1_1_start148,TSPB,48088,19975,28113,5,100,200
CandidateMoves_k10_Nodes_NearestNeighborAny2Regret_w1_1_start149,TSPB,48454,21741,26713,4,100,200
CandidateMoves_k10_Nodes_NearestNeighborAny2Regret_w1_1_start150,TSPB,46685,21221,25464,4,100,200
CandidateMoves_k10_Nodes_NearestNeighborAny2Regret_w1_1_start151,TSPB,44845,20396,24449,5,100,200
CandidateMoves_k10_Nodes_NearestNeighborAny2Regret_w1_1_start152,TSPB,45621,19916,25705,4,100,200
CandidateMoves_k10_Nodes_NearestNeighborAny2Regret_w1_1_start153,TSPB,44488,19854,24634,4,100,200
CandidateMoves_k10_Nodes_NearestNeighborAny2Regret_w1_1_start154,TSPB,46672,20845,25827,4,100,200
CandidateMoves_k10_Nodes_NearestNeighborAny2Regret_w1_1_start155,TSPB,46466,20915,25551,4,100,200
CandidateMoves_k10_Nodes_NearestNeighborAny2Regret_w1_1_start156,TSPB,44606,20265,24341,4,100,200
CandidateMoves_k10_Nodes_NearestNeighborAny2Regret_w1_1_start157,TSPB,45955,19179,26776,4,100,200
CandidateMoves_k10_Nodes_NearestNeighborAny2Regret_w1_1_start158,TSPB,48088,19975,28113,4,100,200
CandidateMoves_k10_Nodes_NearestNeighborAny2Regret_w1_1_start159,TSPB,47938,20401,27537,5,100,200
CandidateMoves_k10_Nodes_NearestNeighborAny2Regret_w1_1_start160,TSPB,50352,20277,30075,4,100,200
CandidateMoves_k10_Nodes_NearestNeighborAny2Regret_w1_1_start161,TSPB,45587,19601,25986,4,100,200
CandidateMoves_k10_Nodes_NearestNeighborAny2Regret_w1_1_start162,TSPB,47252,20130,27122,4,100,200
CandidateMoves_k10_Nodes_NearestNeighborAny2Regret_w1_1_start163,TSPB,44488,19854,24634,4,100,200
CandidateMoves_k10_Nodes_NearestNeighborAny2Regret_w1_1_start164,TSPB,46397,20818,25579,4,100,200
CandidateMoves_k10_Nodes_NearestNeighborAny2Regret_w1_1_start165,TSPB,44639,19917,24722,4,100,200
CandidateMoves_k10_Nodes_NearestNeighborAny2Regret_w1_1_start166,TSPB,48088,19975,28113,4,100,200
CandidateMoves_k10_Nodes_NearestNeighborAny2Regret_w1_1_start167,TSPB,46192,20115,26077,4,100,200
CandidateMoves_k10_Nodes_NearestNeighborAny2Regret_w1_1_start168,TSPB,48713,20724,27989,4,100,200
CandidateMoves_k10_Nodes_NearestNeighborAny2Regret_w1_1_start169,TSPB,48713,20724,27989,4,100,200
CandidateMoves_k10_Nodes_NearestNeighborAny2Regret_w1_1_start170,TSPB,46411,20463,25948,4,100,200
CandidateMoves_k10_Nodes_NearestNeighborAny2Regret_w1_1_start171,TSPB,47609,19555,28054,4,100,200
CandidateMoves_k10_Nodes_NearestNeighborAny2Regret_w1_1_start172,TSPB,44488,19854,24634,4,100,200
CandidateMoves_k10_Nodes_NearestNeighborAny2Regret_w1_1_start173,TSPB,44759,19856,24903,4,100,200
CandidateMoves_k10_Nodes_NearestNeighborAny2Regret_w1_1_start174,TSPB,48666,21810,26856,5,100,200
CandidateMoves_k10_Nodes_NearestNeighborAny2Regret_w1_1_start175,TSPB,47252,20130,27122,4,100,200
CandidateMoves_k10_Nodes_NearestNeighborAny2Regret_w1_1_start176,TSPB,48088,19975,28113,4,100,200
CandidateMoves_k10_Nodes_NearestNeighborAny2Regret_w1_1_start177,TSPB,47252,20130,27122,4,100,200
CandidateMoves_k10_Nodes_NearestNeighborAny2Regret_w1_1_start178,TSPB,44895,20323,24572,4,100,200
CandidateMoves_k10_Nodes_NearestNeighborAny2Regret_w1_1_start179,TSPB,44488,19854,24634,4,100,200
CandidateMoves_k10_Nodes_NearestNeighborAny2Regret_w1_1_start180,TSPB,48006,19962,28044,4,100,200
CandidateMoves_k10_Nodes_NearestNeighborAny2Regret_w1_1_start181,TSPB,48586,19612,28974,5,100,200
CandidateMoves_k10_Nodes_NearestNeighborAny2Regret_w1_1_start182,TSPB,49786,19871,29915,4,100,200
CandidateMoves_k10_Nodes_NearestNeighborAny2Regret_w1_1_start183,TSPB,48454,21741,26713,4,100,200
CandidateMoves_k10_Nodes_NearestNeighborAny2Regret_w1_1_start184,TSPB,46051,20866,25185,4,100,200
CandidateMoves_k10_Nodes_NearestNeighborAny2Regret_w1_1_start185,TSPB,48088,19975,28113,4,100,200
CandidateMoves_k10_Nodes_NearestNeighborAny2Regret_w1_1_start186,TSPB,44488,19854,24634,4,100,200
CandidateMoves_k10_Nodes_NearestNeighborAny2Regret_w1_1_start187,TSPB,46924,20407,26517,4,100,200
CandidateMoves_k10_Nodes_NearestNeighborAny2Regret_w1_1_start188,TSPB,48713,20724,27989,4,100,200
CandidateMoves_k10_Nodes_NearestNeighborAny2Regret_w1_1_start189,TSPB,47083,20657,26426,4,100,200
CandidateMoves_k10_Nodes_NearestNeighborAny2Regret_w1_1_start190,TSPB,46466,20915,25551,4,100,200
CandidateMoves_k10_Nodes_NearestNeighborAny2Regret_w1_1_start191,TSPB,46797,19796,27001,5,100,200
CandidateMoves_k10_Nodes_NearestNeighborAny2Regret_w1_1_start192,TSPB,46685,21221,25464,4,100,200
CandidateMoves_k10_Nodes_NearestNeighborAny2Regret_w1_1_start193,TSPB,45883,20467,25416,3,100,200
CandidateMoves_k10_Nodes_NearestNeighborAny2Regret_w1_1_start194,TSPB,48088,19975,28113,5,100,200
CandidateMoves_k10_Nodes_NearestNeighborAny2Regret_w1_1_start195,TSPB,48713,20724,27989,4,100,200
CandidateMoves_k10_Nodes_NearestNeighborAny2Regret_w1_1_start196,TSPB,47104,20596,26508,4,100,200
CandidateMoves_k10_Nodes_NearestNeighborAny2Regret_w1_1_start197,TSPB,44895,19843,25052,4,100,200
CandidateMoves_k10_Nodes_NearestNeighborAny2Regret_w1_1_start198,TSPB,45883,20467,25416,3,100,200
CandidateMoves_k10_Nodes_NearestNeighborAny2Regret_w1_1_start199,TSPB,48435,22011,26424,5,100,200
CandidateMoves_k10_Edges_Random_start0,TSPB,48136,20326,27810,7,100,200
CandidateMoves_k10_Edges_Random_start1,TSPB,49143,21086,28057,8,100,200
CandidateMoves_k10_Edges_Random_start2,TSPB,47295,20171,27124,7,100,200
CandidateMoves_k10_Edges_Random_start3,TSPB,50346,21657,28689,7,100,200
CandidateMoves_k10_Edges_Random_start4,TSPB,47217,19924,27293,7,100,200
CandidateMoves_k10_Edges_Random_start5,TSPB,50822,23211,27611,7,100,200
CandidateMoves_k10_Edges_Random_start6,TSPB,47361,19524,27837,7,100,200
CandidateMoves_k10_Edges_Random_start7,TSPB,48765,20577,28188,7,100,200
CandidateMoves_k10_Edges_Random_start8,TSPB,49687,21813,27874,7,100,200
CandidateMoves_k10_Edges_Random_start9,TSPB,47700,20990,26710,8,100,200
CandidateMoves_k10_Edges_Random_start10,TSPB,50321,22231,28090,6,100,200
CandidateMoves_k10_Edges_Random_start11,TSPB,48530,21644,26886,8,100,200
CandidateMoves_k10_Edges_Random_start12,TSPB,49163,21233,27930,7,100,200
CandidateMoves_k10_Edges_Random_start13,TSPB,48087,21615,26472,8,100,200
CandidateMoves_k10_Edges_Random_start14,TSPB,49529,22126,27403,7,100,200
CandidateMoves_k10_Edges_Random_start15,TSPB,49016,21647,27369,7,100,200
CandidateMoves_k10_Edges_Random_start16,TSPB,47046,21995,25051,7,100,200
CandidateMoves_k10_Edges_Random_start17,TSPB,47056,21744,25312,8,100,200
CandidateMoves_k10_Edges_Random_start18,TSPB,48616,22175,26441,7,100,200
CandidateMoves_k10_Edges_Random_start19,TSPB,49751,21359,28392,7,100,200
CandidateMoves_k10_Edges_Random_start20,TSPB,46673,20795,25878,6,100,200
CandidateMoves_k10_Edges_Random_start21,TSPB,48342,21533,26809,8,100,200
CandidateMoves_k10_Edges_Random_start22,TSPB,47283,20461,26822,6,100,200
CandidateMoves_k10_Edges_Random_start23,TSPB,50569,22013,28556,7,100,200
CandidateMoves_k10_Edges_Random_start24,TSPB,49916,21499,28417,8,100,200
CandidateMoves_k10_Edges_Random_start25,TSPB,50626,21596,29030,7,100,200
CandidateMoves_k10_Edges_Random_start26,TSPB,46410,19422,26988,7,100,200
CandidateMoves_k10_Edges_Random_start27,TSPB,48803,22039,26764,7,100,200
CandidateMoves_k10_Edges_Random_start28,TSPB,47192,21345,25847,6,100,200
CandidateMoves_k10_Edges_Random_start29,TSPB,47054,21824,25230,8,100,200
CandidateMoves_k10_Edges_Random_start30,TSPB,46334,20505,25829,7,100,200
CandidateMoves_k10_Edges_Random_start31,TSPB,47373,19770,27603,7,100,200
CandidateMoves_k10_Edges_Random_start32,TSPB,49570,21592,27978,7,100,200
CandidateMoves_k10_Edges_Random_start33,TSPB,47779,21039,26740,7,100,200
CandidateMoves_k10_Edges_Random_start34,TSPB,47140,19918,27222,7,100,200
CandidateMoves_k10_Edges_Random_start35,TSPB,47933,20950,26983,7,100,200
CandidateMoves_k10_Edges_Random_start36,TSPB,48374,19926,28448,7,100,200
CandidateMoves_k10_Edges_Random_start37,TSPB,47148,19910,27238,7,100,200
CandidateMoves_k10_Edges_Random_start38,TSPB,47316,21020,26296,7,100,200
CandidateMoves_k10_Edges_Random_start39,TSPB,49840,20095,29745,7,100,200
CandidateMoves_k10_Edges_Random_start40,TSPB,49673,22248,27425,8,100,200
CandidateMoves_k10_Edges_Random_start41,TSPB,48845,20528,28317,7,100,200
CandidateMoves_k10_Edges_Random_start42,TSPB,49363,22665,26698,7,100,200
CandidateMoves_k10_Edges_Random_start43,TSPB,49109,20980,28129,7,100,200
CandidateMoves_k10_Edges_Random_start44,TSPB,49215,20823,28392,8,100,200
CandidateMoves_k10_Edges_Random_start45,TSPB,47999,22683,25316,7,100,200
CandidateMoves_k10_Edges_Random_start46,TSPB,47075,20396,26679,7,100,200
CandidateMoves_k10_Edges_Random_start47,TSPB,46935,20921,26014,7,100,200
CandidateMoves_k10_Edges_Random_start48,TSPB,50263,21225,29038,7,100,200
CandidateMoves_k10_Edges_Random_start49,TSPB,46651,20513,26138,7,100,200
CandidateMoves_k10_Edges_Random_start50,TSPB,48774,21038,27736,8,100,200
CandidateMoves_k10_Edges_Random_start51,TSPB,46737,20445,26292,8,100,200
CandidateMoves_k10_Edges_Random_start52,TSPB,48560,20943,27617,7,100,200
CandidateMoves_k10_Edges_Random_start53,TSPB,49512,22556,26956,6,100,200
CandidateMoves_k10_Edges_Random_start54,TSPB,46653,21765,24888,8,100,200
CandidateMoves_k10_Edges_Random_start55,TSPB,48540,20818,27722,7,100,200
CandidateMoves_k10_Edges_Random_start56,TSPB,48073,21406,26667,7,100,200
CandidateMoves_k10_Edges_Random_start57,TSPB,48906,21050,27856,8,100,200
CandidateMoves_k10_Edges_Random_start58,TSPB,49629,22173,27456,7,100,200
CandidateMoves_k10_Edges_Random_start59,TSPB,48572,19759,28813,7,100,200
CandidateMoves_k10_Edges_Random_start60,TSPB,46478,20428,26050,7,100,200
CandidateMoves_k10_Edges_Random_start61,TSPB,48007,21095,26912,7,100,200
CandidateMoves_k10_Edges_Random_start62,TSPB,48270,21267,27003,8,100,200
CandidateMoves_k10_Edges_Random_start63,TSPB,48854,21767,27087,6,100,200
CandidateMoves_k10_Edges_Random_start64,TSPB,48294,21309,26985,7,100,200
CandidateMoves_k10_Edges_Random_start65,TSPB,48184,22826,25358,7,100,200
CandidateMoves_k10_Edges_Random_start66,TSPB,48023,21184,26839,7,100,200
CandidateMoves_k10_Edges_Random_start67,TSPB,48641,22192,26449,7,100,200
CandidateMoves_k10_Edges_Random_start68,TSPB,48504,20117,28387,7,100,200
CandidateMoves_k10_Edges_Random_start69,TSPB,48119,21147,26972,7,100,200
CandidateMoves_k10_Edges_Random_start70,TSPB,49712,21746,27966,8,100,200
CandidateMoves_k10_Edges_Random_start71,TSPB,50173,22290,27883,7,100,200
CandidateMoves_k10_Edges_Random_start72,TSPB,50443,23164,27279,6,100,200
CandidateMoves_k10_Edges_Random_start73,TSPB,49999,21720,28279,7,100,200
CandidateMoves_k10_Edges_Random_start74,TSPB,48064,22138,25926,7,100,200
CandidateMoves_k10_Edges_Random_start75,TSPB,49404,21718,27686,7,100,200
CandidateMoves_k10_Edges_Random_start76,TSPB,46942,20299,26643,6,100,200
CandidateMoves_k10_Edges_Random_start77,TSPB,47820,19371,28449,7,100,200
CandidateMoves_k10_Edges_Random_start78,TSPB,46916,20862,26054,7,100,200
CandidateMoves_k10_Edges_Random_start79,TSPB,49375,22498,26877,7,100,200
CandidateMoves_k10_Edges_Random_start80,TSPB,47992,20898,27094,7,100,200
CandidateMoves_k10_Edges_Random_start81,TSPB,48697,22630,26067,7,100,200
CandidateMoves_k10_Edges_Random_start82,TSPB,46307,20332,25975,7,100,200
CandidateMoves_k10_Edges_Random_start83,TSPB,48522,21963,26559,7,100,200
CandidateMoves_k10_Edges_Random_start84,TSPB,48377,20764,27613,8,100,200
CandidateMoves_k10_Edges_Random_start85,TSPB,47860,21180,26680,7,100,200
CandidateMoves_k10_Edges_Random_start86,TSPB,48151,21423,26728,7,100,200
CandidateMoves_k10_Edges_Random_start87,TSPB,49785,21890,27895,7,100,200
CandidateMoves_k10_Edges_Random_start88,TSPB,47976,20700,27276,7,100,200
CandidateMoves_k10_Edges_Random_start89,TSPB,46900,20101,26799,7,100,200
CandidateMoves_k10_Edges_Random_start90,TSPB,46270,20689,25581,7,100,200
CandidateMoves_k10_Edges_Random_start91,TSPB,46919,21145,25774,7,100,200
CandidateMoves_k10_Edges_Random_start92,TSPB,50549,21095,29454,7,100,200
CandidateMoves_k10_Edges_Random_start93,TSPB,46369,19389,26980,6,100,200
CandidateMoves_k10_Edges_Random_start94,TSPB,49231,19905,29326,7,100,200
CandidateMoves_k10_Edges_Random_start95,TSPB,47133,20862,26271,7,100,200
CandidateMoves_k10_Edges_Random_start96,TSPB,47378,20041,27337,7,100,200
CandidateMoves_k10_Edges_Random_start97,TSPB,48264,20806,27458,8,100,200
CandidateMoves_k10_Edges_Random_start98,TSPB,46634,21022,25612,7,100,200
CandidateMoves_k10_Edges_Random_start99,TSPB,47411,19273,28138,8,100,200
CandidateMoves_k10_Edges_Random_start100,TSPB,47541,20613,26928,8,100,200
CandidateMoves_k10_Edges_Random_start101,TSPB,49496,22130,27366,7,100,200
CandidateMoves_k10_Edges_Random_start102,TSPB,47521,21288,26233,8,100,200
CandidateMoves_k10_Edges_Random_start103,TSPB,47774,21093,26681,7,100,200
CandidateMoves_k10_Edges_Random_start104,TSPB,48136,20624,27512,6,100,200
CandidateMoves_k10_Edges_Random_start105,TSPB,47459,21382,26077,7,100,200
CandidateMoves_k10_Edges_Random_start106,TSPB,50139,21998,28141,7,100,200
CandidateMoves_k10_Edges_Random_start107,TSPB,46784,20059,26725,7,100,200
CandidateMoves_k10_Edges_Random_start108,TSPB,50281,20260,30021,7,100,200
CandidateMoves_k10_Edges_Random_start109,TSPB,49466,22520,26946,7,100,200
CandidateMoves_k10_Edges_Random_start110,TSPB,46831,20367,26464,8,100,200
CandidateMoves_k10_Edges_Random_start111,TSPB,48509,19873,28636,7,100,200
CandidateMoves_k10_Edges_Random_start112,TSPB,47769,20035,27734,7,100,200
CandidateMoves_k10_Edges_Random_start113,TSPB,48775,22116,26659,6,100,200
CandidateMoves_k10_Edges_Random_start114,TSPB,49565,22307,27258,7,100,200
CandidateMoves_k10_Edges_Random_start115,TSPB,47454,21878,25576,7,100,200
CandidateMoves_k10_Edges_Random_start116,TSPB,50149,22392,27757,7,100,200
CandidateMoves_k10_Edges_Random_start117,TSPB,47580,21510,26070,7,100,200
CandidateMoves_k10_Edges_Random_start118,TSPB,48757,21315,27442,7,100,200
CandidateMoves_k10_Edges_Random_start119,TSPB,50834,21065,29769,7,100,200
CandidateMoves_k10_Edges_Random_start120,TSPB,46788,20717,26071,7,100,200
CandidateMoves_k10_Edges_Random_start121,TSPB,49532,22535,26997,7,100,200
CandidateMoves_k10_Edges_Random_start122,TSPB,47617,21611,26006,6,100,200
CandidateMoves_k10_Edges_Random_start123,TSPB,47417,19894,27523,8,100,200
CandidateMoves_k10_Edges_Random_start124,TSPB,46855,20190,26665,7,100,200
CandidateMoves_k10_Edges_Random_start125,TSPB,49448,20743,28705,7,100,200
CandidateMoves_k10_Edges_Random_start126,TSPB,48190,21081,27109,8,100,200
CandidateMoves_k10_Edges_Random_start127,TSPB,48595,19961,28634,6,100,200
CandidateMoves_k10_Edges_Random_start128,TSPB,48077,21508,26569,8,100,200
CandidateMoves_k10_Edges_Random_start129,TSPB,48252,21966,26286,7,100,200
CandidateMoves_k10_Edges_Random_start130,TSPB,50819,22057,28762,7,100,200
CandidateMoves_k10_Edges_Random_start131,TSPB,48463,20596,27867,7,100,200
CandidateMoves_k10_Edges_Random_start132,TSPB,49031,22280,26751,7,100,200
CandidateMoves_k10_Edges_Random_start133,TSPB,47789,20278,27511,7,100,200
CandidateMoves_k10_Edges_Random_start134,TSPB,48100,20143,27957,7,100,200
CandidateMoves_k10_Edges_Random_start135,TSPB,48675,20801,27874,7,100,200
CandidateMoves_k10_Edges_Random_start136,TSPB,47533,22722,24811,7,100,200
CandidateMoves_k10_Edges_Random_start137,TSPB,47283,20224,27059,8,100,200
CandidateMoves_k10_Edges_Random_start138,TSPB,48200,21390,26810,7,100,200
CandidateMoves_k10_Edges_Random_start139,TSPB,49397,22619,26778,7,100,200
CandidateMoves_k10_Edges_Random_start140,TSPB,47392,20613,26779,7,100,200
CandidateMoves_k10_Edges_Random_start141,TSPB,47679,21263,26416,8,100,200
CandidateMoves_k10_Edges_Random_start142,TSPB,49031,21300,27731,6,100,200
CandidateMoves_k10_Edges_Random_start143,TSPB,48738,21017,27721,7,100,200
CandidateMoves_k10_Edges_Random_start144,TSPB,48481,20826,27655,7,100,200
CandidateMoves_k10_Edges_Random_start145,TSPB,47081,18956,28125,8,100,200
CandidateMoves_k10_Edges_Random_start146,TSPB,47598,22538,25060,7,100,200
CandidateMoves_k10_Edges_Random_start147,TSPB,50347,21457,28890,7,100,200
CandidateMoves_k10_Edges_Random_start148,TSPB,50203,23204,26999,7,100,200
CandidateMoves_k10_Edges_Random_start149,TSPB,47363,19576,27787,7,100,200
CandidateMoves_k10_Edges_Random_start150,TSPB,50375,21119,29256,8,100,200
CandidateMoves_k10_Edges_Random_start151,TSPB,48947,21117,27830,7,100,200
CandidateMoves_k10_Edges_Random_start152,TSPB,49494,21801,27693,7,100,200
CandidateMoves_k10_Edges_Random_start153,TSPB,49719,20835,28884,10,100,200
CandidateMoves_k10_Edges_Random_start154,TSPB,50742,21467,29275,7,100,200
CandidateMoves_k10_Edges_Random_start155,TSPB,48162,20766,27396,6,100,200
CandidateMoves_k10_Edges_Random_start156,TSPB,48562,21138,27424,7,100,200
CandidateMoves_k10_Edges_Random_start157,TSPB,48510,22243,26267,7,100,200
CandidateMoves_k10_Edges_Random_start158,TSPB,49889,23137,26752,7,100,200
CandidateMoves_k10_Edges_Random_start159,TSPB,47281,20178,27103,7,100,200
CandidateMoves_k10_Edges_Random_start160,TSPB,47290,19738,27552,7,100,200
CandidateMoves_k10_Edges_Random_start161,TSPB,48823,20241,28582,6,100,200
CandidateMoves_k10_Edges_Random_start162,TSPB,47273,20540,26733,7,100,200
CandidateMoves_k10_Edges_Random_start163,TSPB,49532,22392,27140,7,100,200
CandidateMoves_k10_Edges_Random_start164,TSPB,48019,19318,28701,8,100,200
CandidateMoves_k10_Edges_Random_start165,TSPB,48031,21243,26788,7,100,200
CandidateMoves_k10_Edges_Random_start166,TSPB,48996,20775,28221,7,100,200
CandidateMoves_k10_Edges_Random_start167,TSPB,47811,21059,26752,7,100,200
CandidateMoves_k10_Edges_Random_start168,TSPB,47132,19809,27323,8,100,200
CandidateMoves_k10_Edges_Random_start169,TSPB,47747,21904,25843,7,100,200
CandidateMoves_k10_Edges_Random_start170,TSPB,49131,22031,27100,7,100,200
CandidateMoves_k10_Edges_Random_start171,TSPB,46434,19601,26833,7,100,200
CandidateMoves_k10_Edges_Random_start172,TSPB,47376,21366,26010,7,100,200
CandidateMoves_k10_Edges_Random_start173,TSPB,48776,20514,28262,7,100,200
CandidateMoves_k10_Edges_Random_start174,TSPB,50672,20827,29845,7,100,200
CandidateMoves_k10_Edges_Random_start175,TSPB,46624,20212,26412,7,100,200
CandidateMoves_k10_Edges_Random_start176,TSPB,48292,22059,26233,7,100,200
CandidateMoves_k10_Edges_Random_start177,TSPB,48680,20811,27869,7,100,200
CandidateMoves_k10_Edges_Random_start178,TSPB,47391,21617,25774,8,100,200
CandidateMoves_k10_Edges_Random_start179,TSPB,48114,20198,27916,7,100,200
CandidateMoves_k10_Edges_Random_start180,TSPB,49678,20940,28738,7,100,200
CandidateMoves_k10_Edges_Random_start181,TSPB,49407,20156,29251,7,100,200
CandidateMoves_k10_Edges_Random_start182,TSPB,48449,20074,28375,7,100,200
CandidateMoves_k10_Edges_Random_start183,TSPB,48423,21279,27144,7,100,200
CandidateMoves_k10_Edges_Random_start184,TSPB,48897,18855,30042,8,100,200
CandidateMoves_k10_Edges_Random_start185,TSPB,47657,21434,26223,7,100,200
CandidateMoves_k10_Edges_Random_start186,TSPB,49697,21073,28624,7,100,200
CandidateMoves_k10_Edges_Random_start187,TSPB,49158,20758,28400,6,100,200
CandidateMoves_k10_Edges_Random_start188,TSPB,46316,20985,25331,7,100,200
CandidateMoves_k10_Edges_Random_start189,TSPB,48916,21377,27539,7,100,200
CandidateMoves_k10_Edges_Random_start190,TSPB,48895,20552,28343,8,100,200
CandidateMoves_k10_Edges_Random_start191,TSPB,50075,21200,28875,7,100,200
CandidateMoves_k10_Edges_Random_start192,TSPB,47807,21352,26455,7,100,200
CandidateMoves_k10_Edges_Random_start193,TSPB,47974,20380,27594,7,100,200
CandidateMoves_k10_Edges_Random_start194,TSPB,48620,20877,27743,8,100,200
CandidateMoves_k10_Edges_Random_start195,TSPB,47733,20542,27191,7,100,200
CandidateMoves_k10_Edges_Random_start196,TSPB,49646,22534,27112,6,100,200
CandidateMoves_k10_Edges_Random_start197,TSPB,48429,21637,26792,7,100,200
CandidateMoves_k10_Edges_Random_start198,TSPB,47768,20385,27383,7,100,200
CandidateMoves_k10_Edges_Random_start199,TSPB,49168,21069,28099,7,100,200
CandidateMoves_k10_Edges_NearestNeighborAny2Regret_w1_1_start0,TSPB,45768,19226,26542,4,100,200
CandidateMoves_k10_Edges_NearestNeighborAny2Regret_w1_1_start1,TSPB,44420,20009,24411,4,100,200
CandidateMoves_k10_Edges_NearestNeighborAny2Regret_w1_1_start2,TSPB,45769,19449,26320,5,100,200
CandidateMoves_k10_Edges_NearestNeighborAny2Regret_w1_1_start3,TSPB,47715,19918,27797,4,100,200
CandidateMoves_k10_Edges_NearestNeighborAny2Regret_w1_1_start4,TSPB,45309,19658,25651,4,100,200
CandidateMoves_k10_Edges_NearestNeighborAny2Regret_w1_1_start5,TSPB,45331,18332,26999,5,100,200
CandidateMoves_k10_Edges_NearestNeighborAny2Regret_w1_1_start6,TSPB,45174,19899,25275,4,100,200
CandidateMoves_k10_Edges_NearestNeighborAny2Regret_w1_1_start7,TSPB,49466,19499,29967,4,100,200
CandidateMoves_k10_Edges_NearestNeighborAny2Regret_w1_1_start8,TSPB,45768,19226,26542,4,100,200
CandidateMoves_k10_Edges_NearestNeighborAny2Regret_w1_1_start9,TSPB,46153,20864,25289,4,100,200
CandidateMoves_k10_Edges_NearestNeighborAny2Regret_w1_1_start10,TSPB,45009,20142,24867,4,100,200
CandidateMoves_k10_Edges_NearestNeighborAny2Regret_w1_1_start11,TSPB,49458,19543,29915,4,100,200
CandidateMoves_k10_Edges_NearestNeighborAny2Regret_w1_1_start12,TSPB,46090,19264,26826,5,100,200
CandidateMoves_k10_Edges_NearestNeighborAny2Regret_w1_1_start13,TSPB,47953,19898,28055,4,100,200
CandidateMoves_k10_Edges_NearestNeighborAny2Regret_w1_1_start14,TSPB,47461,19466,27995,4,100,200
CandidateMoves_k10_Edges_NearestNeighborAny2Regret_w1_1_start15,TSPB,47715,19918,27797,4,100,200
CandidateMoves_k10_Edges_NearestNeighborAny2Regret_w1_1_start16,TSPB,44420,20009,24411,4,100,200
CandidateMoves_k10_Edges_NearestNeighborAny2Regret_w1_1_start17,TSPB,44378,19929,24449,4,100,200
CandidateMoves_k10_Edges_NearestNeighborAny2Regret_w1_1_start18,TSPB,45309,19658,25651,5,100,200
CandidateMoves_k10_Edges_NearestNeighborAny2Regret_w1_1_start19,TSPB,44378,19929,24449,4,100,200
CandidateMoves_k10_Edges_NearestNeighborAny2Regret_w1_1_start20,TSPB,47717,19551,28166,4,100,200
CandidateMoves_k10_Edges_NearestNeighborAny2Regret_w1_1_start21,TSPB,45378,19268,26110,5,100,200
CandidateMoves_k10_Edges_NearestNeighborAny2Regret_w1_1_start22,TSPB,47717,19551,28166,4,100,200
CandidateMoves_k10_Edges_NearestNeighborAny2Regret_w1_1_start23,TSPB,45511,19688,25823,4,100,200
CandidateMoves_k10_Edges_NearestNeighborAny2Regret_w1_1_start24,TSPB,44699,19977,24722,5,100,200
CandidateMoves_k10_Edges_NearestNeighborAny2Regret_w1_1_start25,TSPB,47717,19551,28166,4,100,200
CandidateMoves_k10_Edges_NearestNeighborAny2Regret_w1_1_start26,TSPB,44628,20257,24371,4,100,200
CandidateMoves_k10_Edges_NearestNeighborAny2Regret_w1_1_start27,TSPB,45174,19899,25275,4,100,200
CandidateMoves_k10_Edges_NearestNeighborAny2Regret_w1_1_start28,TSPB,45309,19658,25651,4,100,200
CandidateMoves_k10_Edges_NearestNeighborAny2Regret_w1_1_start29,TSPB,45768,19226,26542,4,100,200
CandidateMoves_k10_Edges_NearestNeighborAny2Regret_w1_1_start30,TSPB,44699,19977,24722,4,100,200
CandidateMoves_k10_Edges_NearestNeighborAny2Regret_w1_1_start31,TSPB,45565,20014,25551,5,100,200
CandidateMoves_k10_Edges_NearestNeighborAny2Regret_w1_1_start32,TSPB,47717,19551,28166,4,100,200
CandidateMoves_k10_Edges_NearestNeighborAny2Regret_w1_1_start33,TSPB,45768,19226,26542,4,100,200
CandidateMoves_k10_Edges_NearestNeighborAny2Regret_w1_1_start34,TSPB,45180,19448,25732,4,100,200
CandidateMoves_k10_Edges_NearestNeighborAny2Regret_w1_1_start35,TSPB,45768,19226,26542,4,100,200
CandidateMoves_k10_Edges_NearestNeighborAny2Regret_w1_1_start36,TSPB,47717,19551,28166,4,100,200
CandidateMoves_k10_Edges_NearestNeighborAny2Regret_w1_1_start37,TSPB,47115,22730,24385,5,100,200
CandidateMoves_k10_Edges_NearestNeighborAny2Regret_w1_1_start38,TSPB,45057,19642,25415,4,100,200
CandidateMoves_k10_Edges_NearestNeighborAny2Regret_w1_1_start39,TSPB,50354,20126,30228,4,100,200
CandidateMoves_k10_Edges_NearestNeighborAny2Regret_w1_1_start40,TSPB,47717,19551,28166,4,100,200
CandidateMoves_k10_Edges_NearestNeighborAny2Regret_w1_1_start41,TSPB,47553,19651,27902,4,100,200
CandidateMoves_k10_Edges_NearestNeighborAny2Regret_w1_1_start42,TSPB,44420,20009,24411,4,100,200
CandidateMoves_k10_Edges_NearestNeighborAny2Regret_w1_1_start43,TSPB,47715,19918,27797,4,100,200
CandidateMoves_k10_Edges_NearestNeighborAny2Regret_w1_1_start44,TSPB,47538,19545,27993,4,100,200
CandidateMoves_k10_Edges_NearestNeighborAny2Regret_w1_1_start45,TSPB,45331,18332,26999,5,100,200
CandidateMoves_k10_Edges_NearestNeighborAny2Regret_w1_1_start46,TSPB,46014,19289,26725,4,100,200
CandidateMoves_k10_Edges_NearestNeighborAny2Regret_w1_1_start47,TSPB,47717,19551,28166,4,100,200
CandidateMoves_k10_Edges_NearestNeighborAny2Regret_w1_1_start48,TSPB,49364,20127,29237,4,100,200
CandidateMoves_k10_Edges_NearestNeighborAny2Regret_w1_1_start49,TSPB,45846,18993,26853,4,100,200
CandidateMoves_k10_Edges_NearestNeighborAny2Regret_w1_1_start50,TSPB,47461,19466,27995,5,100,200
CandidateMoves_k10_Edges_NearestNeighborAny2Regret_w1_1_start51,TSPB,45565,20014,25551,4,100,200
CandidateMoves_k10_Edges_NearestNeighborAny2Regret_w1_1_start52,TSPB,48376,19494,28882,4,100,200
CandidateMoves_k10_Edges_NearestNeighborAny2Regret_w1_1_start53,TSPB,45891,20304,25587,4,100,200
CandidateMoves_k10_Edges_NearestNeighborAny2Regret_w1_1_start54,TSPB,45565,20014,25551,4,100,200
CandidateMoves_k10_Edges_NearestNeighborAny2Regret_w1_1_start55,TSPB,45309,19658,25651,4,100,200
CandidateMoves_k10_Edges_NearestNeighborAny2Regret_w1_1_start56,TSPB,45319,18320,26999,5,100,200
CandidateMoves_k10_Edges_NearestNeighborAny2Regret_w1_1_start57,TSPB,47717,19551,28166,4,100,200
CandidateMoves_k10_Edges_NearestNeighborAny2Regret_w1_1_start58,TSPB,47654,19889,27765,4,100,200
CandidateMoves_k10_Edges_NearestNeighborAny2Regret_w1_1_start59,TSPB,45309,19658,25651,5,100,200
CandidateMoves_k10_Edges_NearestNeighborAny2Regret_w1_1_start60,TSPB,45309,19658,25651,4,100,200
CandidateMoves_k10_Edges_NearestNeighborAny2Regret_w1_1_start61,TSPB,47717,19551,28166,4,100,200
CandidateMoves_k10_Edges_NearestNeighborAny2Regret_w1_1_start62,TSPB,45309,19658,25651,4,100,200
CandidateMoves_k10_Edges_NearestNeighborAny2Regret_w1_1_start63,TSPB,47717,19551,28166,4,100,200
CandidateMoves_k10_Edges_NearestNeighborAny2Regret_w1_1_start64,TSPB,45221,19663,25558,5,100,200
CandidateMoves_k10_Edges_NearestNeighborAny2Regret_w1_1_start65,TSPB,48037,19831,28206,4,100,200
CandidateMoves_k10_Edges_NearestNeighborAny2Regret_w1_1_start66,TSPB,47717,19551,28166,4,100,200
CandidateMoves_k10_Edges_NearestNeighborAny2Regret_w1_1_start67,TSPB,45356,20435,24921,4,100,200
CandidateMoves_k10_Edges_NearestNeighborAny2Regret_w1_1_start68,TSPB,50241,18572,31669,4,100,200
CandidateMoves_k10_Edges_NearestNeighborAny2Regret_w1_1_start69,TSPB,46028,19929,26099,4,100,200
CandidateMoves_k10_Edges_NearestNeighborAny2Regret_w1_1_start70,TSPB,47715,19918,27797,5,100,200
CandidateMoves_k10_Edges_NearestNeighborAny2Regret_w1_1_start71,TSPB,45896,18895,27001,4,100,200
CandidateMoves_k10_Edges_NearestNeighborAny2Regret_w1_1_start72,TSPB,44543,19882,24661,4,100,200
CandidateMoves_k10_Edges_NearestNeighborAny2Regret_w1_1_start73,TSPB,44982,19566,25416,4,100,200
CandidateMoves_k10_Edges_NearestNeighborAny2Regret_w1_1_start74,TSPB,46759,21928,24831,4,100,200
CandidateMoves_k10_Edges_NearestNeighborAny2Regret_w1_1_start75,TSPB,44778,20347,24431,4,100,200
CandidateMoves_k10_Edges_NearestNeighborAny2Regret_w1_1_start76,TSPB,50516,19066,31450,5,100,200
CandidateMoves_k10_Edges_NearestNeighborAny2Regret_w1_1_start77,TSPB,44420,20009,24411,4,100,200
CandidateMoves_k10_Edges_NearestNeighborAny2Regret_w1_1_start78,TSPB,45331,18332,26999,4,100,200
CandidateMoves_k10_Edges_NearestNeighborAny2Regret_w1_1_start79,TSPB,47724,19478,28246,4,100,200
CandidateMoves_k10_Edges_NearestNeighborAny2Regret_w1_1_start80,TSPB,45565,20014,25551,4,100,200
CandidateMoves_k10_Edges_NearestNeighborAny2Regret_w1_1_start81,TSPB,45309,19658,25651,5,100,200
CandidateMoves_k10_Edges_NearestNeighborAny2Regret_w1_1_start82,TSPB,45909,19198,26711,4,100,200
CandidateMoves_k10_Edges_NearestNeighborAny2Regret_w1_1_start83,TSPB,45478,19709,25769,5,100,200
CandidateMoves_k10_Edges_NearestNeighborAny2Regret_w1_1_start84,TSPB,45298,19873,25425,4,100,200
CandidateMoves_k10_Edges_NearestNeighborAny2Regret_w1_1_start85,TSPB,45633,19769,25864,4,100,200
CandidateMoves_k10_Edges_NearestNeighborAny2Regret_w1_1_start86,TSPB,47717,19551,28166,4,100,200
CandidateMoves_k10_Edges_NearestNeighborAny2Regret_w1_1_start87,TSPB,45390,19264,26126,5,100,200
CandidateMoves_k10_Edges_NearestNeighborAny2Regret_w1_1_start88,TSPB,47578,19481,28097,4,100,200
CandidateMoves_k10_Edges_NearestNeighborAny2Regret_w1_1_start89,TSPB,47717,19551,28166,4,100,200
CandidateMoves_k10_Edges_NearestNeighborAny2Regret_w1_1_start90,TSPB,44378,19929,24449,4,100,200
CandidateMoves_k10_Edges_NearestNeighborAny2Regret_w1_1_start91,TSPB,47717,19551,28166,4,100,200
CandidateMoves_k10_Edges_NearestNeighborAny2Regret_w1_1_start92,TSPB,47717,19551,28166,5,100,200
CandidateMoves_k10_Edges_NearestNeighborAny2Regret_w1_1_start93,TSPB,51431,20929,30502,4,100,200
CandidateMoves_k10_Edges_NearestNeighborAny2Regret_w1_1_start94,TSPB,47717,19551,28166,4,100,200
CandidateMoves_k10_Edges_NearestNeighborAny2Regret_w1_1_start95,TSPB,48543,20284,28259,4,100,200
CandidateMoves_k10_Edges_NearestNeighborAny2Regret_w1_1_start96,TSPB,47717,19551,28166,4,100,200
CandidateMoves_k10_Edges_NearestNeighborAny2Regret_w1_1_start97,TSPB,44687,20093,24594,4,100,200
CandidateMoves_k10_Edges_NearestNeighborAny2Regret_w1_1_start98,TSPB,45221,19847,25374,4,100,200
CandidateMoves_k10_Edges_NearestNeighborAny2Regret_w1_1_start99,TSPB,47717,19551,28166,5,100,200
CandidateMoves_k10_Edges_NearestNeighborAny2Regret_w1_1_start100,TSPB,47717,19551,28166,4,100,200
CandidateMoves_k10_Edges_NearestNeighborAny2Regret_w1_1_start101,TSPB,45582,19648,25934,4,100,200
CandidateMoves_k10_Edges_NearestNeighborAny2Regret_w1_1_start102,TSPB,47717,19551,28166,4,100,200
CandidateMoves_k10_Edges_NearestNeighborAny2Regret_w1_1_start103,TSPB,44420,20009,24411,4,100,200
CandidateMoves_k10_Edges_NearestNeighborAny2Regret_w1_1_start104,TSPB,45768,19226,26542,4,100,200
CandidateMoves_k10_Edges_NearestNeighborAny2Regret_w1_1_start105,TSPB,45078,19213,25865,4,100,200
CandidateMoves_k10_Edges_NearestNeighborAny2Regret_w1_1_start106,TSPB,45309,19658,25651,5,100,200
CandidateMoves_k10_Edges_NearestNeighborAny2Regret_w1_1_start107,TSPB,47717,19551,28166,4,100,200
CandidateMoves_k10_Edges_NearestNeighborAny2Regret_w1_1_start108,TSPB,45971,20314,25657,4,100,200
CandidateMoves_k10_Edges_NearestNeighborAny2Regret_w1_1_start109,TSPB,45768,19226,26542,4,100,200
CandidateMoves_k10_Edges_NearestNeighborAny2Regret_w1_1_start110,TSPB,45446,19459,25987,4,100,200
CandidateMoves_k10_Edges_NearestNeighborAny2Regret_w1_1_start111,TSPB,48644,18818,29826,4,100,200
CandidateMoves_k10_Edges_NearestNeighborAny2Regret_w1_1_start112,TSPB,44768,20108,24660,4,100,200
CandidateMoves_k10_Edges_NearestNeighborAny2Regret_w1_1_start113,TSPB,47717,19551,28166,4,100,200
CandidateMoves_k10_Edges_NearestNeighborAny2Regret_w1_1_start114,TSPB,45134,19696,25438,4,100,200
CandidateMoves_k10_Edges_NearestNeighborAny2Regret_w1_1_start115,TSPB,44485,19913,24572,4,100,200
CandidateMoves_k10_Edges_NearestNeighborAny2Regret_w1_1_start116,TSPB,45158,19813,25345,4,100,200
CandidateMoves_k10_Edges_NearestNeighborAny2Regret_w1_1_start117,TSPB,45565,20014,25551,4,100,200
CandidateMoves_k10_Edges_NearestNeighborAny2Regret_w1_1_start118,TSPB,45685,19884,25801,4,100,200
CandidateMoves_k10_Edges_NearestNeighborAny2Regret_w1_1_start119,TSPB,46829,20917,25912,4,100,200
CandidateMoves_k10_Edges_NearestNeighborAny2Regret_w1_1_start120,TSPB,45356,20435,24921,4,100,200
CandidateMoves_k10_Edges_NearestNeighborAny2Regret_w1_1_start121,TSPB,44378,19929,24449,4,100,200
CandidateMoves_k10_Edges_NearestNeighborAny2Regret_w1_1_start122,TSPB,47717,19551,28166,4,100,200
CandidateMoves_k10_Edges_NearestNeighborAny2Regret_w1_1_start123,TSPB,47863,19487,28376,5,100,200
CandidateMoves_k10_Edges_NearestNeighborAny2Regret_w1_1_start124,TSPB,45309,19658,25651,4,100,200
CandidateMoves_k10_Edges_NearestNeighborAny2Regret_w1_1_start125,TSPB,47717,19551,28166,4,100,200
CandidateMoves_k10_Edges_NearestNeighborAny2Regret_w1_1_start126,TSPB,47446,19729,27717,4,100,200
CandidateMoves_k10_Edges_NearestNeighborAny2Regret_w1_1_start127,TSPB,47717,19551,28166,4,100,200
CandidateMoves_k10_Edges_NearestNeighborAny2Regret_w1_1_start128,TSPB,45265,19638,25627,5,100,200
CandidateMoves_k10_Edges_NearestNeighborAny2Regret_w1_1_start129,TSPB,44420,20009,24411,4,100,200
CandidateMoves_k10_Edges_NearestNeighborAny2Regret_w1_1_start130,TSPB,45324,19700,25624,4,100,200
CandidateMoves_k10_Edges_NearestNeighborAny2Regret_w1_1_start131,TSPB,47717,19551,28166,4,100,200
CandidateMoves_k10_Edges_NearestNeighborAny2Regret_w1_1_start132,TSPB,47953,19898,28055,4,100,200
CandidateMoves_k10_Edges_NearestNeighborAny2Regret_w1_1_start133,TSPB,47533,19634,27899,4,100,200
CandidateMoves_k10_Edges_NearestNeighborAny2Regret_w1_1_start134,TSPB,45564,19859,25705,4,100,200
CandidateMoves_k10_Edges_NearestNeighborAny2Regret_w1_1_start135,TSPB,47717,19551,28166,4,100,200
CandidateMoves_k10_Edges_NearestNeighborAny2Regret_w1_1_start136,TSPB,45546,19946,25600,5,100,200
CandidateMoves_k10_Edges_NearestNeighborAny2Regret_w1_1_start137,TSPB,51710,22668,29042,4,100,200
CandidateMoves_k10_Edges_NearestNeighborAny2Regret_w1_1_start138,TSPB,50024,19949,30075,4,100,200
CandidateMoves_k10_Edges_NearestNeighborAny2Regret_w1_1_start139,TSPB,49186,19551,29635,4,100,200
CandidateMoves_k10_Edges_NearestNeighborAny2Regret_w1_1_start140,TSPB,45309,19658,25651,5,100,200
CandidateMoves_k10_Edges_NearestNeighborAny2Regret_w1_1_start141,TSPB,44420,20009,24411,4,100,200
CandidateMoves_k10_Edges_NearestNeighborAny2Regret_w1_1_start142,TSPB,45331,18332,26999,4,100,200
CandidateMoves_k10_Edges_NearestNeighborAny2Regret_w1_1_start143,TSPB,47674,18993,28681,4,100,200
CandidateMoves_k10_Edges_NearestNeighborAny2Regret_w1_1_start144,TSPB,45795,19037,26758,4,100,200
CandidateMoves_k10_Edges_NearestNeighborAny2Regret_w1_1_start145,TSPB,47715,19918,27797,5,100,200
CandidateMoves_k10_Edges_NearestNeighborAny2Regret_w1_1_start146,TSPB,46867,20034,26833,4,100,200
CandidateMoves_k10_Edges_NearestNeighborAny2Regret_w1_1_start147,TSPB,45565,20014,25551,4,100,200
CandidateMoves_k10_Edges_NearestNeighborAny2Regret_w1_1_start148,TSPB,47717,19551,28166,4,100,200
CandidateMoves_k10_Edges_NearestNeighborAny2Regret_w1_1_start149,TSPB,45309,19658,25651,4,100,200
CandidateMoves_k10_Edges_NearestNeighborAny2Regret_w1_1_start150,TSPB,45784,20320,25464,5,100,200
CandidateMoves_k10_Edges_NearestNeighborAny2Regret_w1_1_start151,TSPB,44378,19929,24449,4,100,200
CandidateMoves_k10_Edges_NearestNeighborAny2Regret_w1_1_start152,TSPB,45564,19859,25705,4,100,200
CandidateMoves_k10_Edges_NearestNeighborAny2Regret_w1_1_start153,TSPB,44420,20009,24411,4,100,200
CandidateMoves_k10_Edges_NearestNeighborAny2Regret_w1_1_start154,TSPB,45771,19944,25827,5,100,200
CandidateMoves_k10_Edges_NearestNeighborAny2Regret_w1_1_start155,TSPB,45565,20014,25551,4,100,200
CandidateMoves_k10_Edges_NearestNeighborAny2Regret_w1_1_start156,TSPB,44497,20156,24341,4,100,200
CandidateMoves_k10_Edges_NearestNeighborAny2Regret_w1_1_start157,TSPB,45887,19334,26553,4,100,200
CandidateMoves_k10_Edges_NearestNeighborAny2Regret_w1_1_start158,TSPB,47717,19551,28166,4,100,200
CandidateMoves_k10_Edges_NearestNeighborAny2Regret_w1_1_start159,TSPB,45361,18214,27147,5,100,200
CandidateMoves_k10_Edges_NearestNeighborAny2Regret_w1_1_start160,TSPB,50024,19949,30075,4,100,200
CandidateMoves_k10_Edges_NearestNeighborAny2Regret_w1_1_start161,TSPB,45530,19544,25986,4,100,200
CandidateMoves_k10_Edges_NearestNeighborAny2Regret_w1_1_start162,TSPB,45331,18332,26999,4,100,200
CandidateMoves_k10_Edges_NearestNeighborAny2Regret_w1_1_start163,TSPB,44420,20009,24411,4,100,200
CandidateMoves_k10_Edges_NearestNeighborAny2Regret_w1_1_start164,TSPB,45496,19917,25579,4,100,200
CandidateMoves_k10_Edges_NearestNeighborAny2Regret_w1_1_start165,TSPB,44571,20072,24499,5,100,200
CandidateMoves_k10_Edges_NearestNeighborAny2Regret_w1_1_start166,TSPB,47717,19551,28166,4,100,200
CandidateMoves_k10_Edges_NearestNeighborAny2Regret_w1_1_start167,TSPB,45624,19261,26363,4,100,200
CandidateMoves_k10_Edges_NearestNeighborAny2Regret_w1_1_start168,TSPB,47953,19898,28055,4,100,200
CandidateMoves_k10_Edges_NearestNeighborAny2Regret_w1_1_start169,TSPB,47953,19898,28055,4,100,200
CandidateMoves_k10_Edges_NearestNeighborAny2Regret_w1_1_start170,TSPB,45676,19534,26142,4,100,200
CandidateMoves_k10_Edges_NearestNeighborAny2Regret_w1_1_start171,TSPB,46931,19372,27559,5,100,200
CandidateMoves_k10_Edges_NearestNeighborAny2Regret_w1_1_start172,TSPB,44420,20009,24411,4,100,200
CandidateMoves_k10_Edges_NearestNeighborAny2Regret_w1_1_start173,TSPB,44691,20011,24680,4,100,200
CandidateMoves_k10_Edges_NearestNeighborAny2Regret_w1_1_start174,TSPB,45208,19761,25447,4,100,200
CandidateMoves_k10_Edges_NearestNeighborAny2Regret_w1_1_start175,TSPB,45331,18332,26999,5,100,200
CandidateMoves_k10_Edges_NearestNeighborAny2Regret_w1_1_start176,TSPB,47717,19551,28166,4,100,200
CandidateMoves_k10_Edges_NearestNeighborAny2Regret_w1_1_start177,TSPB,45331,18332,26999,4,100,200
CandidateMoves_k10_Edges_NearestNeighborAny2Regret_w1_1_start178,TSPB,44592,19918,24674,4,100,200
CandidateMoves_k10_Edges_NearestNeighborAny2Regret_w1_1_start179,TSPB,44420,20009,24411,4,100,200
CandidateMoves_k10_Edges_NearestNeighborAny2Regret_w1_1_start180,TSPB,47578,19481,28097,4,100,200
CandidateMoves_k10_Edges_NearestNeighborAny2Regret_w1_1_start181,TSPB,48442,19533,28909,5,100,200
CandidateMoves_k10_Edges_NearestNeighborAny2Regret_w1_1_start182,TSPB,49458,19543,29915,4,100,200
CandidateMoves_k10_Edges_NearestNeighborAny2Regret_w1_1_start183,TSPB,45309,19658,25651,4,100,200
CandidateMoves_k10_Edges_NearestNeighborAny2Regret_w1_1_start184,TSPB,45994,20809,25185,4,100,200
CandidateMoves_k10_Edges_NearestNeighborAny2Regret_w1_1_start185,TSPB,47717,19551,28166,4,100,200
CandidateMoves_k10_Edges_NearestNeighborAny2Regret_w1_1_start186,TSPB,44420,20009,24411,5,100,200
CandidateMoves_k10_Edges_NearestNeighborAny2Regret_w1_1_start187,TSPB,46809,20392,26417,4,100,200
CandidateMoves_k10_Edges_NearestNeighborAny2Regret_w1_1_start188,TSPB,47953,19898,28055,4,100,200
CandidateMoves_k10_Edges_NearestNeighborAny2Regret_w1_1_start189,TSPB,45804,19295,26509,4,100,200
CandidateMoves_k10_Edges_NearestNeighborAny2Regret_w1_1_start190,TSPB,45565,20014,25551,4,100,200
CandidateMoves_k10_Edges_NearestNeighborAny2Regret_w1_1_start191,TSPB,45896,18895,27001,4,100,200
CandidateMoves_k10_Edges_NearestNeighborAny2Regret_w1_1_start192,TSPB,45784,20320,25464,5,100,200
CandidateMoves_k10_Edges_NearestNeighborAny2Regret_w1_1_start193,TSPB,44982,19566,25416,3,100,200
CandidateMoves_k10_Edges_NearestNeighborAny2Regret_w1_1_start194,TSPB,47717,19551,28166,5,100,200
CandidateMoves_k10_Edges_NearestNeighborAny2Regret_w1_1_start195,TSPB,47953,19898,28055,4,100,200
CandidateMoves_k10_Edges_NearestNeighborAny2Regret_w1_1_start196,TSPB,45998,19490,26508,4,100,200
CandidateMoves_k10_Edges_NearestNeighborAny2Regret_w1_1_start197,TSPB,44827,19998,24829,4,100,200
CandidateMoves_k10_Edges_NearestNeighborAny2Regret_w1_1_start198,TSPB,44982,19566,25416,4,100,200
CandidateMoves_k10_Edges_NearestNeighborAny2Regret_w1_1_start199,TSPB,45290,19928,25362,4,100,200
